transport_linear_velocity,placing_linear_velocity,release_opening_velocity,retract_linear_velocity
0.0806422779582434,0.05540036682531639,0.055249520815255214,0.08114931100201485
0.10744505543011955,0.06987142785572378,0.07725341124297799,0.056594295242873814
0.04330538100565881,0.07259734626121145,0.07099777967824354,0.14736712012883585
0.11750877275176697,0.034168925793223545,0.09082441383769264,0.10210221274842615
0.07020954800631835,0.06617645680551952,0.08105771303913767,0.03381978008380517
0.09263711903487476,0.043833726831565056,0.05086806874414447,0.0973611417739808
0.09821098120712149,0.032456407254785366,0.06311019108860455,0.06431508495797156
0.0886359019130479,0.06553984629707947,0.10097416700191542,0.043501290533292464
0.14539573855820287,0.06701925005086966,0.09494341712708403,0.03206052933417425
0.08519111510207587,0.03361100669739739,0.07156333339284042,0.10014571154384738
0.060204568853428383,0.03558829457733604,0.05343146902408097,0.034618459288931556
0.09518939688519046,0.07904547242574692,0.07383158495352732,0.04205847452767127
0.10146555092741735,0.08002123676764472,0.08953735801029836,0.05275081964483373
0.06898574872651796,0.033412880941468895,0.0941523600895796,0.04296066485308864
0.1448320170696688,0.06707072883848962,0.05165754583582928,0.08167022542382428
0.08964185934532766,0.04066661771727676,0.05759472520923067,0.1326183231500912
0.08306837614300056,0.05584281807478928,0.07498230312165521,0.11553251914913731
0.05818805858481724,0.05556397534401564,0.05062018529825117,0.07498795282406404
0.0959610757595541,0.05242292204724858,0.03815505664221418,0.09040435570352341
0.10647810458369653,0.021280376680752198,0.09716239335422434,0.07037135282989099
0.09868935204387451,0.07466880001451892,0.07075837065386333,0.08579051047384911
0.08416121132190504,0.05216090087024539,0.0775825551086473,0.09748866613758789
0.08830895469727,0.026870659835101257,0.03353027656986608,0.0819764711108041
0.06307314754555324,0.04334657853365926,0.04287134578628213,0.06438996945501518
0.04997732002553372,0.06738743439163061,0.09191909850536771,0.07855641635238096
0.10582812188692277,0.04624661171624451,0.07812039056920003,0.10122486015723514
0.053365990380925946,0.0259308131601251,0.07789231325469406,0.07657797517894795
0.14531207421345327,0.08710099015657569,0.025104547028656665,0.10169114360066123
0.10208399412291458,0.05311289087958096,0.03806997426259357,0.06867187078607442
0.1404709805326536,0.05918414931587808,0.08874276560296507,0.06268384421376844
0.045646964126763404,0.07340762475496758,0.030539020151755865,0.03838252554204619
0.043952612354134134,0.02808255547024132,0.04760561700540843,0.05781475270941261
0.06495284635859548,0.04459005984568916,0.08830602617585756,0.06269367944767033
0.07718814713902494,0.0590288721927235,0.07544762589669789,0.10221500945494247
0.11784815386303626,0.060785798577993475,0.053621222870515975,0.06124818926596683
0.0626671218842782,0.05944122495130829,0.0612581910813511,0.0814704916326307
0.059935743908022754,0.02154339775579022,0.0876292731753427,0.0666110762145542
0.08475713739547808,0.07796147039133879,0.0669852933935714,0.10357040253800426
0.10978994989985538,0.08404225189539972,0.0822271958571679,0.0623702923940301
0.04127144384761562,0.047002646987445884,0.08120073366406255,0.09879999721666714
0.08046755501421601,0.05414775666545472,0.054339102111620005,0.08449114673713623
0.0831636011339729,0.08508681038143721,0.048065666209334806,0.0650544598107422
0.05458804064367488,0.03260857590352344,0.06409065109339122,0.10963840903751755
0.07349811089450284,0.05041206634146363,0.11540448412767529,0.12162674755736524
0.08476409042660187,0.028495306439211103,0.07914240959713384,0.08599426979692973
0.082540857914488,0.03168944433227443,0.1000560266022307,0.06877050703255934
0.07116189666154095,0.06347054135815544,0.05760114396627165,0.05937940677544622
0.07698761319322597,0.04250828221998787,0.07653353977188944,0.0905146249059892
0.12234366320838462,0.029063017077952447,0.06662106783336214,0.06643101042163477
0.07088366422876952,0.07562403581776225,0.09246944976237345,0.12593117995508393
0.09118274164383258,0.06529631772764373,0.06611833124703151,0.05167495145403482
0.04685744730561573,0.06740615644179426,0.05987937404634421,0.04284426173562099
0.09612826969459162,0.05824369004477594,0.08566844651263451,0.04825138800839659
0.06777800614971696,0.060551233552498404,0.08659856981230098,0.05020493624014116
0.05038292370872752,0.0382806176755005,0.10446557775180354,0.12489939649428478
0.07821937385514563,0.04064785455339345,0.043407419237991594,0.08630634689142011
0.10814871150694932,0.06943812870082958,0.07110354169514708,0.11554881753124407
0.0941760883150082,0.07488009095773945,0.0773259028881745,0.05707811434498251
0.1293278868069154,0.050641647238463657,0.07214565055966002,0.060097043018097984
0.15466908734393475,0.04911464538724653,0.07819958228984578,0.09262366478349227
0.061311883931547274,0.0341821044171835,0.1070281394439695,0.07508074702020957
0.04891540553638352,0.06798746927433079,0.08048347091869644,0.07477861227631093
0.06791140211479318,0.039066239814799175,0.03778787684714867,0.08215136607719895
0.11839076775325355,0.05341564795376178,0.06437233965332552,0.04360553466683596
0.11208561752910423,0.05797781172023388,0.09747600243726962,0.09205871566827122
0.11810502047632143,0.03932870628443359,0.03478058965901293,0.05552611748506718
0.06296254665450526,0.06417943646884003,0.06702793751405553,0.06175734075358369
0.056976668445490014,0.07188146336086892,0.05270107108016535,0.08891825638100298
0.07466806302318735,0.015315944204620555,0.07977526688140396,0.05496418670840997
0.05991940454801839,0.04464350951831893,0.05326696989192574,0.08494226180776358
0.05572695102366196,0.06275435409607763,0.05679399781081378,0.07104891698537652
0.0620171837953222,0.07244837599261948,0.034462066647571656,0.08763485188058591
0.10068761044217475,0.10183400060111666,0.1063397248370421,0.07034340553372302
0.09370252645893479,0.05227466260351179,0.07711095097500778,0.05046510191451492
0.08939116692572696,0.05145734665038055,0.13280693463493032,0.0831259260483697
0.07982602114885984,0.04002761735494764,0.07307214032302614,0.07825384351139937
0.06580512243371947,0.06439363885061997,0.0813244485944766,0.04357127912183479
0.08862503491692397,0.04650184206654873,0.07170622275419854,0.10894295315390631
0.06003992473497437,0.07332929649810195,0.08550495282294078,0.05722179882897853
0.07099943937920732,0.05779772106472535,0.035446868072469814,0.07652823598263449
0.05738957109766212,0.04423104650101428,0.07070082882380317,0.09377998622353187
0.05364540667861816,0.05759543648295937,0.06359820480088921,0.09101520694119467
0.047144203247694146,0.04807387969676147,0.05780034671323127,0.10874903707977464
0.08762402995570977,0.04835047311114662,0.02224823513692871,0.07974139372948877
0.07153057947385431,0.020133297175581637,0.06550721253035904,0.07503824890526768
0.04916744433316192,0.05019188035595258,0.11639170473579787,0.06455922252460683
0.07873299315311803,0.03399531613915267,0.08332398338848583,0.08147150903832043
0.08174742914072594,0.0472247081244254,0.10357443873510969,0.0741857987913164
0.10365672631832634,0.03497319566484178,0.09334763348951283,0.08518492958271318
0.10414714027712751,0.06035250411274752,0.101705708868307,0.08711381867093483
0.10187540509949668,0.07390291661510827,0.053173890197393964,0.11048443627708471
0.10265522571884793,0.03342290885622791,0.07741255467883142,0.09311537560054559
0.11206670130729238,0.08342221940329539,0.028354031653281223,0.16529155153480218
0.10749907755712035,0.06435512525918993,0.10099840634848213,0.05866228552817588
0.11608762008109079,0.05910075146684437,0.09460398785922339,0.03275139137282297
0.05582514819956004,0.03906685260050108,0.061957695678665325,0.05511299779552693
0.06997004305589229,0.07798715002313308,0.037930990952520144,0.04788200629602782
0.043235149732489785,0.04407420023789777,0.06387748132351843,0.06890590505144936
0.043732761319732034,0.03271440144020864,0.06997745197177514,0.08624480523297604
0.07462943504676511,0.058770191805871216,0.06285455369225766,0.08110657244413486
0.12275105131215239,0.056728940780412886,0.07609169929298848,0.08615570559569104
0.06546059555979246,0.038060985034416205,0.09311405397423883,0.06232615476432014
0.07644500065718754,0.06148116313752046,0.08999769323262329,0.0761578164777823
0.07228406754532869,0.028086196462374098,0.1035731940534112,0.1480181624320377
0.09402621412105616,0.07303336305872161,0.09744285783515058,0.050641758701621735
0.07099789990402529,0.06013632267906735,0.11869784770604697,0.0904602320451346
0.06625706155837384,0.054979490735823394,0.07395938401320737,0.03376365536876289
0.06499534483430007,0.04748495365914276,0.08423232305629094,0.07225480840126784
0.06231160739603231,0.04655866254661036,0.1178984696797536,0.11513251226966781
0.08082644499159229,0.06561822288360167,0.1044054860850801,0.10360100925125897
0.12008193947698298,0.05889222700885864,0.03304960568624828,0.08966206365620667
0.06682761033789607,0.04275448866726973,0.08070681090995638,0.15524930047684532
0.06850360290314281,0.04911935880174103,0.04771296915490397,0.07459301138903028
0.06194481909410053,0.09760391247760977,0.04521918336902874,0.07838322430496782
0.04090380174594137,0.02772072499723214,0.09663337138066237,0.08437501499645399
0.07364256583575221,0.06446923156607641,0.08844507247136092,0.06867085808802793
0.07684283849822847,0.03840586900489131,0.07517310986049695,0.07932611625079006
0.1398523647653456,0.04114533580613376,0.044011374808322706,0.07804043982094376
0.10093802048666879,0.032934463425199456,0.07564093718663108,0.1418253642385001
0.1402520756012577,0.052087087538871917,0.06032616068312865,0.05708282303489315
0.07738729450222415,0.06059797697417567,0.08139017371297234,0.031933469863720705
0.04385910530202598,0.06823543333188875,0.10973917472941278,0.07047481913103562
0.08578942075761291,0.02571537148962155,0.08839882599832803,0.08150845655114118
0.07503732908912582,0.05233939872497553,0.06616114344975386,0.05361864695193411
0.06347298930358365,0.04919644704079734,0.051537208480232244,0.09799908002709061
0.08738902965877068,0.03405536095513467,0.11836071811991775,0.0835927096819206
0.0961308585135664,0.04385669448368551,0.07062684309971118,0.031204697098764674
0.13750078447837136,0.04687945905978419,0.09890468781384378,0.04650178363358475
0.04385562685272598,0.07784016385646146,0.050970611323417486,0.08743571037460987
0.06968387106384276,0.04751155466967736,0.07680215605107862,0.11205090987973629
0.11416686127620054,0.030867816864924118,0.02975865541275393,0.10478477412971887
0.05675625170286484,0.05481482239811619,0.03253008951198475,0.10821670256511008
0.058942350354535836,0.03923698968230274,0.08216232720055716,0.035038726826406866
0.08233638635031984,0.08492684522490451,0.10445378355703425,0.08761762129454712
0.033194976277598674,0.02833579845428761,0.03687305728354041,0.06906539554405366
0.11675247777762976,0.06439350131762263,0.07962960809464459,0.07637369828192919
0.0797056591578475,0.03482065408177128,0.06904242689462885,0.15223282003896296
0.0354089649753182,0.046214552062138425,0.030791483506716545,0.04814199812416693
0.10543321163244021,0.05054929183033213,0.10098053994373753,0.12180237656738568
0.13090322494408074,0.06296298773933659,0.026215518177899015,0.07805080743570691
0.12673431540468988,0.057785339396914326,0.07037073271512795,0.08958266671411165
0.08810171225390737,0.07921814329192209,0.0816209473390357,0.03987642893265972
0.06256725923821378,0.0765127634470508,0.06515768956342947,0.07711428134510169
0.07457079497058632,0.051397258431607036,0.06870621484723594,0.0855559142108755
0.08517244006826558,0.03903658386355496,0.04280637667262812,0.12501466271694406
0.1160884575176307,0.07491944619829308,0.09011578472951334,0.03592922926037912
0.12670852730285131,0.053781586110208494,0.08379087585210501,0.04243373336253162
0.06219276703385941,0.04319753127497537,0.08364056316131827,0.0928239100112754
0.06413271580533546,0.03824099366924005,0.08972003238995924,0.06741528659532536
0.06691966852558001,0.050320400181996294,0.0999591379628944,0.11969368199232817
0.03645512819856459,0.0493884491610642,0.03997907334970699,0.08467380042608331
0.06854873638848294,0.09749637573197317,0.0418349623187142,0.0916025005976622
0.14579601613234566,0.03364683971248706,0.06314717237753151,0.10576474505014719
0.09414726729729012,0.059490839009720894,0.11242465211423269,0.12409907114311719
0.12108189406669886,0.0624596512839693,0.05733292898388159,0.07445406132164384
0.07617417048035827,0.052171661844353984,0.027511463095656448,0.08382551451412305
0.10664232513981486,0.07546149463963994,0.08513395768777801,0.09154416804476391
0.09724712081922843,0.022556533653996853,0.06805188457863218,0.10243399185231702
0.10305247595760365,0.06591962833729673,0.09364075525110857,0.08400240722319215
0.08300230296014566,0.030412640673858786,0.08213640968271237,0.047247752544018695
0.06454789920603626,0.07229885728311561,0.07814399258570467,0.06708836607021978
0.1019018686956068,0.04287166380396261,0.0968659040060981,0.09197161745503458
0.08251553744939026,0.04349927289468908,0.12671102598650327,0.04795081903765419
0.05541926540086053,0.055724965192795246,0.04389217158087787,0.05529740951308432
0.08720071992463338,0.05230729964853588,0.03093472598320128,0.08703444087195855
0.10885683353604501,0.050075717974029606,0.04854915694026907,0.06528838235596392
0.07148225441838024,0.04474502133640581,0.07675446067471968,0.13155335205563984
0.06898898855905425,0.07286997718670642,0.06674077181044932,0.08505165566087303
0.053236792344502494,0.04593251762713872,0.04369937845241682,0.04840326227063722
0.06140517708201486,0.07069923208116384,0.08652705854409301,0.0671550776556611
0.10319545590807831,0.03952393710104622,0.04786354144611053,0.07753327346396831
0.08645623349838069,0.031763408884271746,0.049837131088752304,0.0745054162825372
0.045314402768851646,0.028959398254752557,0.05536956336223337,0.05143037502872477
0.08151096914026841,0.04339396891060897,0.05270947317159763,0.08822843656495641
0.1184869525032489,0.04196465405499945,0.03615628947215971,0.09224175792256134
0.1335916853185721,0.042750564701527084,0.07936762222752805,0.05268031380549035
0.11234546719307109,0.06001812190489344,0.09768578259724756,0.08151113746871619
0.08851164951001543,0.0691249910830383,0.1119114892873875,0.1109230651910279
0.08657762411871929,0.05755507108240997,0.09162228549762903,0.06949440839975002
0.12185249006094809,0.034408351666700324,0.10207261708367171,0.08030192180408051
0.06879735702542161,0.031432236928691876,0.07581851077403058,0.07801746369513766
0.07002594998150309,0.08554288917170522,0.10961006790215129,0.06108797204169923
0.05185182254866104,0.05807160152533904,0.08771177104272758,0.07305373402821312
0.10124272284930456,0.028853196210431382,0.03362649215113015,0.07479105130820622
0.04618528896504185,0.047738520620758305,0.08298098784259637,0.08655669630973697
0.08871872112434694,0.02348056126339021,0.06114521527575909,0.05749442723642635
0.06867783518600763,0.09718232289954608,0.06220372819108555,0.04892247344712511
0.03754032841669974,0.03839201786364457,0.09785507288327802,0.1056407816452325
0.036565954900887855,0.05847201344187737,0.06981586133770908,0.09411157879976986
0.09870533602879646,0.08079418890212142,0.04759199003801573,0.08538509055190609
0.07273390910945185,0.07849327910951057,0.06694278811224602,0.1181372290141888
0.11250324962512855,0.03798913853821744,0.06798215892354563,0.10834058689937424
0.03900389320703567,0.023546846993356636,0.08164555469087868,0.052728665125893255
0.04322979895756729,0.0427908367713753,0.09319707025633014,0.14223198132065665
0.06506056592198484,0.04389587029353507,0.08982909352935019,0.044070648511870876
0.0544349305601989,0.06462512938428953,0.09601884689853943,0.07247507064487625
0.044630865025558686,0.055715328217332834,0.06664523322439474,0.10597698549589106
0.07906893698838713,0.043573636529876815,0.06449215613423764,0.05529255300932485
0.10930400190265889,0.032567347788250905,0.09502147430735461,0.0781524488916107
0.08252186134540739,0.08322489821812225,0.0940432810262335,0.05365705577185202
0.03506519100664508,0.0483587062824282,0.07500852764792774,0.07876274067530782
0.05018155102779842,0.03876230887875075,0.05308222488076422,0.06971361764217805
0.07839087979723776,0.060596004280146686,0.040152240134649984,0.1062281050053906
0.09833377623054043,0.07098739556798564,0.04962851225640165,0.04937545075083917
0.0998003822046625,0.047633720319062434,0.10896067639697872,0.10448969321347001
0.07545247058788318,0.03881911817968932,0.03463281846792655,0.0645599040215863
0.0366514917888559,0.04842303190383446,0.09549574915493636,0.08521032282775133
0.106297332387207,0.02965617836573477,0.07893437590461894,0.055584421289865245
0.05419776234021802,0.06083505731389076,0.0844808576853838,0.08087700463499801
0.07441733674948839,0.03909494480376087,0.07575243190094999,0.0776863709879335
0.07602609253302,0.04390480481647229,0.07448771391946477,0.12629604836634847
0.08423254700510159,0.04965971627807878,0.059336265517250665,0.079774936807918
0.06500405721295201,0.09340700997007345,0.054393705397872666,0.10759004550443933
0.08690559484264002,0.053684633694208554,0.043315492096916014,0.09687245836133078
0.05272121650387789,0.06196464992067366,0.07468211202678872,0.0957476736394614
0.06939893630784583,0.08266629512534765,0.13231134856834925,0.07514140330027579
0.08602893919617809,0.07667273323714283,0.09003119625462118,0.05935472498956726
0.04590215442127482,0.08087549641981671,0.06886448882868486,0.1206419300450192
0.04617550151624928,0.06487508511247504,0.058218063311248174,0.12492979963403976
0.09902482338944327,0.022454223248076062,0.09666187217329926,0.12885108231473677
0.08189885421584063,0.04595675431658616,0.07194682632655046,0.12297721338677067
0.094221174123368,0.07288790831613433,0.07503345443687817,0.06277351515049856
0.10164137820888478,0.0547658043569979,0.05102506029538359,0.06101985149649438
0.08894213709920915,0.033735609005912756,0.0634393153838054,0.08888056472773338
0.07104116601135219,0.07204596701315924,0.0519074998683446,0.0733548948039262
0.1154827500391361,0.04955853736668325,0.05322420568732282,0.048387738524440255
0.09879398697341667,0.06436876418618254,0.07136158136291303,0.09058681146312698
0.0655909977951077,0.06944156207946534,0.08733353401499915,0.06400476965230124
0.09624262842980845,0.05548960763396808,0.09999896864652077,0.10391614299253277
0.08433708694242696,0.06363675000939557,0.09295934606531717,0.04853135552983017
0.10344285966463243,0.08722400785621484,0.0632885339752284,0.0470208987352423
0.0816027998043702,0.0685860977239716,0.07526207841691475,0.13192756278307005
0.10165522720018393,0.02094581836947096,0.04963418433264287,0.10495305267122859
0.0675878800825255,0.05491463361713128,0.06404013882265364,0.043836215473182887
0.0685573115350806,0.057284204153103736,0.05300411269895289,0.07542433676601622
0.09188598253813028,0.02697977906429454,0.07471051842925486,0.12041632169919228
0.09254843967659772,0.05884122333207904,0.09505402988362814,0.08115916963120955
0.0785988978720741,0.057678519210397614,0.026604335302739465,0.10554650918993158
0.1064161751501794,0.032350835909714014,0.09744338627629803,0.06795800648485231
0.08293297593135747,0.0573070638542647,0.05855466230853751,0.06957320529182877
0.06218037705890597,0.03160265615514896,0.0513628929314614,0.0758406570552501
0.11193069387205945,0.05005460248287512,0.06120272042587566,0.09175513446484602
0.04875942409100524,0.045660607761073,0.05325259653851967,0.05326959619905877
0.08446210906278553,0.04784554961762681,0.08330487146619514,0.08284680744245972
0.07822196460763585,0.08089089519165109,0.08097009725550935,0.10227977525377022
0.08708284297367483,0.08436854734493925,0.05584408904681988,0.06949987982644702
0.03425466977261092,0.05491662601826083,0.0684689428987711,0.06592311615445667
0.12426658429309742,0.03280142788131383,0.08773530316103259,0.05136147515236458
0.09989064815327311,0.05900394053880128,0.054670811191867584,0.11972617762336753
0.13551383703368433,0.03734816076834879,0.05730487883981611,0.13705004489982994
0.05676278790552383,0.08231059371185749,0.06229620871997914,0.11115035616914887
0.06392903771335448,0.03943320171265512,0.07861493799745495,0.09350358162709911
0.06592020134410582,0.041015662916893486,0.054312839927157686,0.04078132431498078
0.06347021112929571,0.03706372263206073,0.1308915170768568,0.10378498792194078
0.06242731099273989,0.04143650591655628,0.07344140427909922,0.09167864957710131
0.050509661202193995,0.08051065778789553,0.046590523157142585,0.07306896251388802
0.07151584367577475,0.04546114256956541,0.0811345415524279,0.07256386461280608
0.11109340279155105,0.04627679974144513,0.0664082846991524,0.09641348616623714
0.03186107145603939,0.055540347355277214,0.08054185743692757,0.06616829017331421
0.0734270713730485,0.03458230165492218,0.08830672411693122,0.08943976616085336
0.08452095085749553,0.057404105959584964,0.07403888009053711,0.03535782430297046
0.08376515570711261,0.05788887182600739,0.09734423756163199,0.11963783517971738
0.11195750010554631,0.07233694279130869,0.06875750204692407,0.05415683862768635
0.04596683304718446,0.039364824186427644,0.06419530655777142,0.1591063516802412
0.0675427230301279,0.061061792506656366,0.07202222894537755,0.12945419453319457
0.14568984806447594,0.053142800779287826,0.053215795112204436,0.07248476293169852
0.06214332584228602,0.03881508839319682,0.05944644520425531,0.059427045753064664
0.09750902403006284,0.07197360992815358,0.08657328187970166,0.09435974296055318
0.05721495692979045,0.06548616060897952,0.09126522245757937,0.0982254117939706
0.05819341776119073,0.01901749960903089,0.0344926202830488,0.05334478198994291
0.10202173500241311,0.059275372672085644,0.1154116024129585,0.08334927102803423
0.06633545171428797,0.05972945348491637,0.05159823825966321,0.07711647585579413
0.09065545461425908,0.06969108717390045,0.0923654012434,0.1255209315853258
0.04398590738441322,0.03782807803242113,0.03907463812349267,0.08744105383498472
0.086003945442137,0.07319465243468667,0.06076977090003996,0.07900808554519524
0.0676790876724397,0.04063748808329715,0.08180739536722455,0.09181755076462489
0.10041951329503689,0.03592533931069911,0.07350870055117652,0.06470062864537468
0.06063963674171433,0.0513835748306879,0.09970907204801552,0.05836907499739204
0.09145080328210442,0.03451131580065184,0.07445657951899404,0.07819930695742883
0.04654721155732944,0.05071661029703884,0.07784010315367065,0.0992692418370347
0.07427609797995119,0.03494181216647284,0.06863488164030318,0.037104399190181485
0.10539574376185452,0.06126143556729091,0.07683219024285375,0.08100419171373384
0.07563589080837772,0.036631774284897986,0.049640969484491454,0.07564344829158932
0.07648346806804802,0.046610538835840015,0.08428499778084161,0.0776682609498228
0.10782792344904488,0.053924172207079284,0.08117909277386325,0.060991043370602814
0.10090310750230118,0.03941987504952312,0.05346768541703109,0.11656749431380198
0.07290714146988185,0.053185008194786464,0.06580550831396878,0.1284314820490541
0.06695173140944595,0.019094022527764452,0.11705429720387597,0.13678535647733742
0.07862284907681569,0.05788059689625891,0.04494592730386057,0.03468201505324902
0.051899033873018675,0.034005546256169916,0.051212864978082716,0.04946110350519946
0.15381715568244514,0.08339314394331732,0.0854560303892929,0.0787617599757552
0.09182342570138688,0.04336575436982771,0.04308904274638123,0.11338623423105038
0.08954639888710346,0.06101142631616771,0.07061336988767095,0.05254266956168835
0.1019047223066262,0.020731371066644532,0.08824184884811295,0.054425388981944975
0.09731580647542429,0.04417809083720179,0.09513670976078467,0.09329171292939453
0.06408248777672598,0.045147760005035405,0.06301292158191801,0.13633410453767303
0.054052460989480154,0.06991661694264455,0.04066489609078399,0.0842372265281998
0.09052755072357613,0.05335762302151054,0.07602842458571474,0.10431683257062285
0.10314684239479373,0.04076306723320884,0.08177907164387455,0.07286768524842276
0.10100099690991943,0.04778535183620212,0.04829489020396423,0.10491298198539394
0.10989677836487355,0.04897726064922326,0.06713590282820271,0.07127491523388152
0.09108260292786058,0.06479791632486753,0.08301069323520775,0.10308010413231085
0.06940246140839515,0.015567328273271952,0.05952905475910756,0.049794746596305714
0.11142611795827452,0.05378015305139861,0.041159365159194064,0.08124405681668233
0.09429852724050804,0.06193934815608262,0.07705186599611348,0.08649236043894268
0.05702209790908186,0.04366948450309169,0.07694225477070743,0.08439904299128782
0.05190080828448666,0.04064452209494701,0.08635004333209952,0.072418855823835
0.14095981669011035,0.057459141541401144,0.07656111208829293,0.0627236525309368
0.09813923218101839,0.028349901578043138,0.06413422916004052,0.0628695166588868
0.08662098086476809,0.028401498639332737,0.12126210590829292,0.08899524634276654
0.08733895717217362,0.041484333159165186,0.03761295408234162,0.12742354285527638
0.09818648406634536,0.061029093916527416,0.07785418610864833,0.04586767666310596
0.13360110729641045,0.06594289868417445,0.11247260513128804,0.07152819207657647
0.07828620465644553,0.09282543776697194,0.10269083487664957,0.0625120304190599
0.11291399173845049,0.03707475243880387,0.08720715709794198,0.05329771229852241
0.04839796868492893,0.06324897273316547,0.08725391993424578,0.08019030303083852
0.10373301053796842,0.047205188432184686,0.0655320153570394,0.08450084158066576
0.14315914046427172,0.04692176078320867,0.09316614401914496,0.08267214618252439
0.07282096141536874,0.06696352756159635,0.03630104226761017,0.06583384437290835
0.11878617233586171,0.06774997652235763,0.08558844632639509,0.10958398852732441
0.057235128882803535,0.04699871891635439,0.055567431590896714,0.08436481352778094
0.11005115795309736,0.04577125009848136,0.04434460792389297,0.06216089489925114
0.1327275053635874,0.037163156119929874,0.07332378673548026,0.08257502143708464
0.06142624936418177,0.07512202711569857,0.05069730866684978,0.07945023397995907
0.07438189182416592,0.03650940910644721,0.023144689693860965,0.08913683930809603
0.108632171937195,0.06032110024946143,0.11324962925092599,0.09873976608820223
0.06026245459079295,0.03612152260018063,0.035811706817145635,0.1303594046009249
0.06302817053311086,0.054971170329663796,0.10186797283534585,0.11270034758173988
0.09078609281770758,0.08787698538530228,0.11978151629800693,0.10757939922749546
0.04620201001787034,0.06665018247024862,0.0748662519012415,0.04411270710739523
0.11385310372159627,0.08344238944320903,0.11124040777835023,0.10493033591025819
0.07871698252450242,0.03845856723928753,0.0416615495929066,0.06522019555743387
0.1336401262981718,0.0505541474565029,0.03182876351384399,0.04690431133157508
0.06851085921245738,0.08261649011368555,0.0378777682925147,0.12569881224819723
0.08333939423868673,0.036144925423969645,0.03459356310864995,0.08405603430390057
0.07968765482709443,0.07154563401294921,0.10480645858175366,0.12476280992747754
0.03713849172359298,0.054721301456105216,0.025653921531699035,0.1006459351448103
0.10056769777745896,0.06723359421725167,0.031788550518305314,0.10608665141274984
0.1054263116427875,0.023159845165443543,0.03509997710005628,0.03965259338257775
0.03445577028827216,0.05915313753184865,0.09035224692862362,0.13172238158820637
0.0962154225279348,0.05408708915889671,0.12117445457080772,0.08309815556076353
0.09723136294741075,0.049721609370281424,0.08777311614277676,0.10253959587553407
0.04419806434977594,0.027610380101819154,0.06964279965738879,0.09492926857705088
0.061720668118463336,0.06398212635016735,0.06427183974181762,0.0971059724544129
0.0742607987210459,0.05272666647673167,0.04571902863219032,0.10202574030950029
0.058264492167941544,0.039894188788607225,0.02987266666980659,0.051418862785282904
0.09009446857336785,0.048890724396516504,0.05025538580167574,0.06767220555827319
0.0579196738858159,0.05744939268350537,0.0831886298338154,0.08541927366724708
0.1171706922889966,0.019254915501279606,0.04910812007343817,0.1473183236788838
0.13194463137337356,0.05834114089708205,0.060484364068500954,0.10498980020538926
0.0626086317828503,0.0478926954811334,0.030231342083674805,0.09511943558282678
0.05645802691968036,0.05559570192103773,0.05360879165219215,0.12030810427302832
0.08390839144396398,0.0511620573328838,0.05250733802557697,0.11969034016804975
0.08073434942219808,0.07004874884997778,0.07740631796448762,0.07928551062705383
0.11170330636203497,0.060018952446336045,0.13624317001596187,0.11266503677809546
0.03273403331757221,0.044024079409446824,0.06125025641537496,0.09315953563921486
0.08895711228171713,0.053081260096412265,0.053191345736674625,0.11803262333652781
0.10319045427710127,0.0753989262281505,0.0759130478832859,0.10012851792091072
0.05858056954246769,0.05139402436637791,0.0628436986760664,0.0827130749764977
0.05593867547298274,0.01762691282907495,0.06411643882761006,0.05742880521906803
0.07393029174778777,0.05574516379487163,0.07895029705785625,0.08240776495935509
0.07795281377810895,0.04301728982433756,0.09352139058843048,0.05734596754013696
0.06946276729978494,0.0334099259011672,0.061444202068722406,0.047983657709350515
0.0717325249802757,0.053392980291611034,0.07922726821444967,0.08378840985564795
0.07144134302080787,0.05311907568166061,0.13558488469786667,0.1112096709335417
0.09481214451664488,0.029064812123467645,0.06712828427969819,0.05552740726285228
0.06990157193486247,0.09259225514101592,0.06266983845605792,0.07084025791658734
0.13336832730777937,0.04961219765670369,0.06369957705697714,0.06887445986572192
0.10664187416850564,0.06833422202069205,0.04969651332741627,0.04791778483403612
0.09941339195627652,0.030213872618500275,0.06932267499087737,0.1143445107002389
0.11533331857298224,0.046924057994426636,0.08150202711818733,0.033073435170057695
0.07703179150270625,0.06428294368811655,0.09625620844806912,0.05494026766703697
0.12348050646709074,0.03774976242697683,0.0951485645821766,0.09582029112274452
0.05899633369473499,0.06210829442230391,0.08939677106342231,0.05423022879564201
0.11160630066977376,0.01540945164501363,0.09055477164151363,0.07708061592871292
0.08640399891067041,0.056153946173669145,0.0651575672122216,0.0833677647741863
0.10240426199271235,0.060001238233774956,0.07832793829747989,0.07036708592775077
0.11539876491744745,0.05481215791755292,0.10435997122083313,0.06809993647344358
0.061726199767775616,0.05501994499183607,0.0784595896480565,0.053642394304620186
0.07639454601228901,0.05365956218496505,0.0673193194037641,0.07999672484532208
0.0843671944229021,0.06042550960193164,0.05377776088364089,0.10071405110857526
0.03315488534690059,0.06064675723934499,0.07071559608098678,0.03643337927957171
0.11631239781081992,0.054874651175215394,0.06702223533254666,0.031244871227634752
0.0775752357046372,0.056530841843769004,0.04519610050137328,0.05257985802498191
0.13090866665015408,0.039443494028708344,0.056998183141872924,0.0703986139003056
0.055443963881050704,0.0482990751156259,0.026971037938819213,0.08017098664804008
0.07781034193777257,0.07319755989743466,0.06430083396806141,0.030520899008526954
0.11030306817285361,0.0703578737688835,0.07104055127778924,0.04772362311258741
0.06527118497288202,0.058782221311628476,0.037367473930294236,0.07958444258708561
0.11245961419080494,0.05270702945669655,0.04581875949218208,0.12036274960738232
0.12329698040804132,0.06232000397171525,0.08698462097339921,0.13320397805583764
0.05793046578513082,0.05883583117985034,0.048567972814377816,0.07937954864138606
0.037244887053229474,0.05574412364055539,0.08157904246338125,0.053489064401213565
0.06558951898591552,0.06124608200537547,0.07792597713263273,0.03552224255893485
0.06456823478543121,0.08070850401626478,0.09253070755285257,0.12376017959702909
0.06492701891022933,0.042317950721628826,0.04121207122368557,0.051843591432787745
0.09054570730689177,0.020254762827132036,0.08694589773890955,0.09588056447328484
0.04174548218098289,0.032594092326568354,0.045530692263771794,0.0838874873957884
0.04081970421975543,0.08136739654979513,0.02901456479343744,0.07342500850694492
0.06935881905901999,0.056402897556582315,0.045557481342915145,0.09537436053678995
0.08818507238005852,0.04707490061767759,0.08979852771824079,0.1237055269963328
0.07664450779267805,0.06088097038075217,0.056067105476833815,0.0641469710941879
0.10666732704786616,0.023602508025344863,0.08433486223537766,0.08601929248979188
0.09918921686711828,0.02289923914260984,0.10241165068543517,0.055745744859307375
0.11974960373753135,0.07110453315929627,0.07967858762354864,0.04527390121825542
0.04419100425991248,0.031940102012920385,0.04011436195771667,0.03616881525575246
0.04876700695670602,0.06170495235993108,0.051590910857766153,0.04762775751824681
0.06119144611638881,0.04760168919252988,0.09437514787447335,0.0627176457684852
0.033550146917400506,0.037265485919635806,0.04991377566963903,0.08975247041891488
0.08729546108127353,0.060621931119851175,0.09162865376089348,0.12504748869786728
0.10839271759070482,0.053464024790878265,0.10216573046836869,0.06477673316067933
0.07898948221017736,0.027116648649801383,0.047929183452717,0.1160979741526873
0.0961682415492475,0.04229707236668048,0.08453119455731659,0.08809738077298422
0.039625272301091544,0.020414193308688572,0.06703772790147841,0.10113501849377564
0.03635026154327603,0.03443101099016889,0.06481805388835454,0.08934276269629306
0.09400112237259249,0.09131852851094868,0.07460665671842524,0.12696559804410137
0.03927854308187485,0.049575935732175794,0.09690739264947228,0.05054879234745935
0.04791572221164295,0.0481341920465466,0.045964649276820924,0.08420362655100391
0.05913161765051801,0.06715156261887956,0.0803447368983617,0.07885744844994179
0.0793246647914473,0.07872335903180487,0.09212972933775035,0.10582836805738108
0.07781930894689931,0.05667677420345392,0.0549878530407467,0.047873432278250944
0.0747413266329584,0.05974460503696263,0.07549208539367921,0.07667977552846877
0.13398843285939152,0.02228399316303849,0.06600030324677236,0.13520961842416188
0.040252720307458474,0.08266999923530144,0.09404048858326342,0.06356054858987559
0.11646922452957738,0.05755882718599778,0.09452932278587858,0.09171756779449175
0.0794404492336779,0.06624741902610219,0.09714000536295307,0.04804616197055189
0.08951081942100438,0.07528425514823206,0.0768620664438205,0.08174676754180779
0.12428706329221499,0.03699989381558261,0.08101380233075053,0.04255177645337121
0.08381944803893421,0.06178200032748876,0.10346577923973715,0.05910265544676478
0.08397868915552746,0.057807987422066415,0.06626082234817789,0.08804373220483555
0.1193844548542026,0.05837716421146063,0.11898083539521936,0.07897260639649477
0.10724227746557224,0.045052811689026376,0.05595844724588071,0.09649718169201497
0.047976703248039806,0.04113428939332375,0.0740463370703939,0.07600347656287443
0.1045609872198189,0.019267735659065376,0.09785088188964539,0.0738558325119964
0.05392287897627904,0.022532479387910906,0.05471977114897394,0.09970896368468803
0.05812752747930318,0.04289349523080141,0.04178670428670274,0.060699648728103864
0.05463059805897893,0.030439901107619172,0.04945894134563577,0.04629102378277823
0.048074229602838296,0.059699085507648984,0.06466057556463455,0.09691007392761776
0.08915801325425955,0.07656695078798681,0.08223107786035853,0.07933873435945003
0.031837911739266714,0.05912236052248985,0.020862802144300696,0.10395400921633914
0.0567952253352544,0.03533874096758015,0.05378804484639115,0.14554139928583482
0.05822280606583778,0.07110623641935612,0.053593810703696974,0.11396140998288935
0.08561999818021201,0.05631808787475724,0.09403601147317313,0.09401490225435545
0.08212468062859668,0.05315483202253465,0.08811491355192555,0.08090401770388836
0.08476387967243797,0.033507337299130614,0.06655012915931006,0.16816125374060514
0.0694852748494853,0.06729664807817268,0.028122505467995412,0.07251532345031597
0.08449306062076302,0.04644102135418648,0.05077559338429707,0.07810449042624787
0.07581178477110954,0.05935265814199954,0.08571266780169937,0.0606025055416725
0.051902220548519895,0.049107391743502246,0.0835250078773234,0.07354242986642086
0.08733065285739323,0.07172667944893389,0.06971302437627493,0.03846868209898209
0.10911403251265624,0.028144886554514123,0.06820481978930461,0.09491237860982632
0.0806422779582434,0.05540036682531639,0.055249520815255214,0.08114931100201485
0.10744505543011955,0.06987142785572378,0.07725341124297799,0.056594295242873814
0.10989259323877938,0.0486554042171246,0.04960272047538493,0.10338212150401627
0.03467747089959192,0.08938474153061374,0.08949127342474375,0.08682145985159709
0.049330481273803295,0.07843346695496221,0.06018533796013556,0.07416660701614139
0.06872001673597003,0.05564875834986131,0.08353053471179092,0.04249444483714626
0.09203236787479126,0.03764366908229346,0.04540136824480505,0.12644307630530555
0.10776120648777605,0.024010542442298843,0.06151498067327582,0.061483244594824404
0.057671439414499516,0.05681391141007127,0.0582299127451422,0.0807833458381229
0.09518939688519046,0.07904547242574692,0.07383158495352732,0.04205847452767127
0.09144433685971103,0.06057421632767782,0.11635839136825954,0.1125502477156479
0.10146555092741735,0.08002123676764472,0.08953735801029836,0.05275081964483373
0.06898574872651796,0.033412880941468895,0.0941523600895796,0.04296066485308864
0.0711107403157285,0.03940507575330069,0.06698546279762031,0.09468800920092119
0.04528396614222826,0.06919784934916556,0.08076293514443961,0.10384856288263608
0.08865493289699597,0.06697188821899538,0.09001578409836607,0.12052569017611975
0.07899588960401485,0.031260084143428235,0.07045975494048354,0.096169178731416
0.09876471650112138,0.05423443741747847,0.04732331194529783,0.09143864091888965
0.057859962251823736,0.026545066446718543,0.10332979535866449,0.1152580520710545
0.11355608038988621,0.06891271356380331,0.09197336073147731,0.03667579813052069
0.049041663205933006,0.07982021131278441,0.07013955946020861,0.054234612311325175
0.06209920340403095,0.04388510697596125,0.05586681141070153,0.07064128347854792
0.04659054088795025,0.021728816064726153,0.08218567590395556,0.07226282859279652
0.14531207421345327,0.08710099015657569,0.025104547028656665,0.10169114360066123
0.10208399412291458,0.05311289087958096,0.03806997426259357,0.06867187078607442
0.0828721593671765,0.050766880647686634,0.06398268818815538,0.05830560101120717
0.12559532730032358,0.06019252377481094,0.07843361085694779,0.045905097013974265
0.1533986250639114,0.07737099326650984,0.10583627200791079,0.07304381241166519
0.07718814713902494,0.0590288721927235,0.07544762589669789,0.10221500945494247
0.11784815386303626,0.060785798577993475,0.053621222870515975,0.06124818926596683
0.0626671218842782,0.05944122495130829,0.0612581910813511,0.0814704916326307
0.059935743908022754,0.02154339775579022,0.0876292731753427,0.0666110762145542
0.08475713739547808,0.07796147039133879,0.0669852933935714,0.10357040253800426
0.10978994989985538,0.08404225189539972,0.0822271958571679,0.0623702923940301
0.11586116237439995,0.06045143145221169,0.07938590679310069,0.07320503584347698
0.06788790280441212,0.06611590475142946,0.08507966820555775,0.10643181270905688
0.05458804064367488,0.03260857590352344,0.06409065109339122,0.10963840903751755
0.07349811089450284,0.05041206634146363,0.11540448412767529,0.12162674755736524
0.08476409042660187,0.028495306439211103,0.07914240959713384,0.08599426979692973
0.057828897738617505,0.05491461032724676,0.08402432429466708,0.10689498989206773
0.09181404408323504,0.037185229766083704,0.049984674872906185,0.08533556587331767
0.09222714363688131,0.020063647075186115,0.04842988252465068,0.051621015036567665
0.09236791196809929,0.04557703461672829,0.0929141808184504,0.0988348370070703
0.0447741972453726,0.03236998856669045,0.06918983001399193,0.08947648646777083
0.1325549359216771,0.049992166554840976,0.03571374981121884,0.030957320796409442
0.10515710977409798,0.03152022260444548,0.09430508306893189,0.06410478118531188
0.06777800614971696,0.060551233552498404,0.08659856981230098,0.05020493624014116
0.05038292370872752,0.0382806176755005,0.10446557775180354,0.12489939649428478
0.07203246299521636,0.04363957710651072,0.08640557874616046,0.10113595286522785
0.08386061921671104,0.044460889655791466,0.09449555746852872,0.06799403157215898
0.07419733748170723,0.0464391303164565,0.05450690675309395,0.07003013906907093
0.1293278868069154,0.050641647238463657,0.07214565055966002,0.060097043018097984
0.1341813002254459,0.05056757662516464,0.07051037529083516,0.05599080764048519
0.15466908734393475,0.04911464538724653,0.07819958228984578,0.09262366478349227
0.061311883931547274,0.0341821044171835,0.1070281394439695,0.07508074702020957
0.08891414037565805,0.049233977809416275,0.05417323956699753,0.089412479441429
0.04891540553638352,0.06798746927433079,0.08048347091869644,0.07477861227631093
0.06791140211479318,0.039066239814799175,0.03778787684714867,0.08215136607719895
0.07468145176767971,0.06474465994904749,0.02778941217336548,0.11486595440668253
0.06573936372756276,0.049720506529045826,0.06639517866186403,0.10884270027291021
0.1444029300454766,0.04407432998640869,0.08200186979893911,0.08581985094648865
0.08550053350383767,0.05411820249615787,0.09010573726984444,0.10753791662118037
0.06265935675592509,0.031807130508606105,0.054819001242341445,0.050697837506198926
0.09854705681799528,0.03477990823565949,0.037091958740098255,0.15101995380205252
0.07177380244119384,0.07958168638813293,0.07750879155403179,0.11967746725455945
0.03600294679759943,0.03825105437014084,0.06269084855065168,0.1014914059301632
0.07230635517465885,0.06553283966721381,0.062385751164688405,0.07279909392878153
0.07364376658066911,0.07630980114396724,0.10840629789303471,0.06849899574090525
0.09843600947791176,0.033296992740559306,0.03347508142380232,0.09940535015669044
0.11444722910708253,0.04184492536974091,0.08369090896699252,0.07787210202719512
0.05255188247519764,0.03829168493103735,0.05803724561592587,0.046033148589340184
0.0910637960358224,0.06643895064301444,0.06694036359173625,0.11871161710408562
0.08318517550404202,0.03506972674567351,0.0958008254344979,0.049277713534811377
0.06003992473497437,0.07332929649810195,0.08550495282294078,0.05722179882897853
0.12216319843305955,0.06296527213379598,0.0542914658131317,0.06841632354596985
0.05879632736267444,0.027201250209006527,0.07691536297491897,0.03811041577671801
0.06471549626028429,0.05141285142607695,0.07110709070442575,0.13588096938415534
0.06291234741125355,0.04171412223150325,0.052655604499035155,0.08471067477185437
0.05357737204254806,0.03147333399326016,0.08915649718500909,0.1039430467325444
0.0710697006232516,0.03276337038814808,0.09647471416204775,0.049686829080973896
0.03696732331333513,0.06474504734271422,0.06159077338321952,0.07014923520098124
0.08174742914072594,0.0472247081244254,0.10357443873510969,0.0741857987913164
0.10365672631832634,0.03497319566484178,0.09334763348951283,0.08518492958271318
0.08613192180052008,0.02157335797855893,0.09526744282283273,0.061105473232584556
0.041611752016671506,0.05519799286880212,0.05313175256292954,0.09357494258457534
0.06527333721153976,0.07621125551344494,0.0860221881799302,0.08934648615212024
0.08436159864975187,0.04890269039552343,0.052104652496332574,0.0610486239205652
0.09233400182210741,0.05628587688085782,0.1056805441672714,0.057764807656637635
0.11608762008109079,0.05910075146684437,0.09460398785922339,0.03275139137282297
0.05582514819956004,0.03906685260050108,0.061957695678665325,0.05511299779552693
0.043235149732489785,0.04407420023789777,0.06387748132351843,0.06890590505144936
0.043732761319732034,0.03271440144020864,0.06997745197177514,0.08624480523297604
0.03699621836035296,0.05921728190564954,0.08919302851871554,0.1060751172777057
0.10420024540557707,0.03829565425428595,0.08746472289913045,0.09922278303323273
0.06527553757904592,0.03901220603540695,0.07376210324624263,0.1048056346756159
0.09464900404771263,0.06274155727836588,0.10375540884604115,0.043326030387650726
0.09203108105746682,0.041505420649846955,0.06574131486127381,0.09707397088342104
0.06625706155837384,0.054979490735823394,0.07395938401320737,0.03376365536876289
0.06499534483430007,0.04748495365914276,0.08423232305629094,0.07225480840126784
0.06231160739603231,0.04655866254661036,0.1178984696797536,0.11513251226966781
0.08082644499159229,0.06561822288360167,0.1044054860850801,0.10360100925125897
0.12008193947698298,0.05889222700885864,0.03304960568624828,0.08966206365620667
0.10173332021767965,0.06732545245022743,0.02924637506537614,0.057510870417253196
0.06850360290314281,0.04911935880174103,0.04771296915490397,0.07459301138903028
0.06194481909410053,0.09760391247760977,0.04521918336902874,0.07838322430496782
0.06688545815113994,0.05354771368725621,0.07687789726199498,0.1130587934264401
0.07684283849822847,0.03840586900489131,0.07517310986049695,0.07932611625079006
0.1398523647653456,0.04114533580613376,0.044011374808322706,0.07804043982094376
0.10093802048666879,0.032934463425199456,0.07564093718663108,0.1418253642385001
0.07339564955990668,0.04722548997790283,0.06466381681164865,0.09358088240097126
0.07738729450222415,0.06059797697417567,0.08139017371297234,0.031933469863720705
0.04385910530202598,0.06823543333188875,0.10973917472941278,0.07047481913103562
0.08578942075761291,0.02571537148962155,0.08839882599832803,0.08150845655114118
0.07503732908912582,0.05233939872497553,0.06616114344975386,0.05361864695193411
0.11142830597892764,0.032086040377144465,0.08685792280026156,0.13713574372623097
0.030853234036079633,0.06990368491354476,0.030025667521796452,0.07255583365898921
0.06447585105219497,0.03304557026670807,0.03839818300645751,0.05024248031677334
0.0534157509412505,0.06510790513630649,0.06357332581901354,0.048503192755997376
0.0871253845018222,0.04653420403091378,0.03013226784989914,0.08466344874460952
0.07428449863112524,0.08881141840211954,0.04604700414964008,0.07485702717170349
0.10639114691245213,0.05704184036079434,0.05760562894704448,0.1484804156702069
0.07486330963219691,0.06331778156411953,0.06976411922006855,0.06454528895457216
0.11360573705807064,0.03612115733624379,0.05307240878016453,0.08775592902617747
0.11079475043191818,0.026821811207780075,0.07595462370896028,0.09666268208475459
0.0797056591578475,0.03482065408177128,0.06904242689462885,0.15223282003896296
0.0354089649753182,0.046214552062138425,0.030791483506716545,0.04814199812416693
0.09663659092733756,0.022537200617778738,0.0909308926270728,0.09912185606423472
0.08933016196094214,0.07917527339773059,0.03223320854439843,0.034149388034751246
0.061957013610135614,0.059859091783929085,0.059618856598429845,0.14014623717779684
0.08311566932986272,0.017681927002486837,0.10038177499163793,0.1046028212238367
0.06239823062510358,0.05035895757287922,0.05668992908547498,0.11073622657400314
0.094008869696112,0.05349265777323103,0.05979761634148793,0.11256563629608766
0.06256725923821378,0.0765127634470508,0.06515768956342947,0.07711428134510169
0.07457079497058632,0.051397258431607036,0.06870621484723594,0.0855559142108755
0.10267070167459406,0.0615914287927034,0.0852851438428984,0.08225869529094954
0.10857895258583337,0.04935946543619044,0.04757553396290416,0.10070672807245247
0.058363658122494555,0.031828526338014515,0.07668118642518905,0.06606219601885038
0.12670852730285131,0.053781586110208494,0.08379087585210501,0.04243373336253162
0.06219276703385941,0.04319753127497537,0.08364056316131827,0.0928239100112754
0.06413271580533546,0.03824099366924005,0.08972003238995924,0.06741528659532536
0.06691966852558001,0.050320400181996294,0.0999591379628944,0.11969368199232817
0.03645512819856459,0.0493884491610642,0.03997907334970699,0.08467380042608331
0.06854873638848294,0.09749637573197317,0.0418349623187142,0.0916025005976622
0.08031219643962052,0.04954241200711249,0.03640148973136249,0.09867235597172601
0.09414726729729012,0.059490839009720894,0.11242465211423269,0.12409907114311719
0.12108189406669886,0.0624596512839693,0.05733292898388159,0.07445406132164384
0.07617417048035827,0.052171661844353984,0.027511463095656448,0.08382551451412305
0.05515207283584263,0.04029035764573811,0.07404984515463726,0.08641681218071007
0.04498396338143058,0.055782649754646974,0.09580657929773737,0.1119344159003291
0.1797572329781085,0.02868621397694798,0.057211475956722914,0.09638285008138478
0.11504587004574471,0.0774788943055406,0.06650491600324278,0.09550691476463723
0.10285797205460262,0.05391578500587681,0.06292960380201486,0.09218152561167221
0.08875397203003492,0.03355113212519063,0.04852841199253298,0.040231162268037676
0.10794824657263265,0.019614057386977503,0.053321877098023135,0.10374242934482152
0.07523478047004714,0.0638888719403277,0.06420602274152941,0.06582186675336797
0.0658732667533542,0.039758127162548666,0.05755894911215479,0.11177989211595907
0.09098836324086808,0.04069147186890007,0.11435688023136767,0.13098195351732655
0.03609142423527602,0.039946012572960696,0.06407448509428232,0.08598744650265881
0.03374278327787262,0.02821689248968193,0.06350754513068696,0.06143116130666988
0.08786215689122437,0.06142604165756534,0.10015814274970794,0.12094900345569708
0.0726784460350255,0.06289658310320534,0.09718922619949372,0.08570266951547975
0.09565487478666246,0.036375627477018405,0.10048447582051707,0.07070079329701282
0.07968394562773568,0.04672566748979314,0.061267880317478714,0.047826030310308215
0.033640432652544,0.05893228626492218,0.10880682433325702,0.07842479344284353
0.11234546719307109,0.06001812190489344,0.09768578259724756,0.08151113746871619
0.04963648965214485,0.034728628207720914,0.10228842722228601,0.10236517039910555
0.12185249006094809,0.034408351666700324,0.10207261708367171,0.08030192180408051
0.06879735702542161,0.031432236928691876,0.07581851077403058,0.07801746369513766
0.07002594998150309,0.08554288917170522,0.10961006790215129,0.06108797204169923
0.05185182254866104,0.05807160152533904,0.08771177104272758,0.07305373402821312
0.10124272284930456,0.028853196210431382,0.03362649215113015,0.07479105130820622
0.04618528896504185,0.047738520620758305,0.08298098784259637,0.08655669630973697
0.07691054894139693,0.0314814749768934,0.15035010186752357,0.06959568920329538
0.04628325301418013,0.05642157483707125,0.11572737387080013,0.12155422151141913
0.08132830970825496,0.04171806395126836,0.06838359028277075,0.10906095248982059
0.082008805377998,0.05844411769562504,0.040528657964523845,0.07741334690347819
0.10418088670288296,0.08040079109843198,0.0873401743731313,0.10222171175251665
0.12516014551640398,0.050633054866337124,0.059392787828914745,0.08642016297599195
0.08787753388130737,0.05369225934028012,0.08091260550841398,0.09604121607331403
0.0544349305601989,0.06462512938428953,0.09601884689853943,0.07247507064487625
0.044630865025558686,0.055715328217332834,0.06664523322439474,0.10597698549589106
0.07906893698838713,0.043573636529876815,0.06449215613423764,0.05529255300932485
0.10930400190265889,0.032567347788250905,0.09502147430735461,0.0781524488916107
0.08252186134540739,0.08322489821812225,0.0940432810262335,0.05365705577185202
0.03506519100664508,0.0483587062824282,0.07500852764792774,0.07876274067530782
0.0672137726783995,0.030527709993679684,0.09043715960381447,0.051242663203687755
0.07839087979723776,0.060596004280146686,0.040152240134649984,0.1062281050053906
0.0998003822046625,0.047633720319062434,0.10896067639697872,0.10448969321347001
0.1237206257627801,0.025355362748271514,0.09777041189003159,0.04269936514624271
0.04666123075612364,0.029882040989215108,0.10368360953098428,0.09869404057263696
0.11937176376484032,0.041065048909230926,0.07839565943486829,0.10657069127444277
0.09924015588208901,0.0497895828955998,0.06381566767555526,0.07162149568133556
0.1241307965351924,0.06253275354696847,0.05050720651929093,0.10062570238449095
0.07602609253302,0.04390480481647229,0.07448771391946477,0.12629604836634847
0.08423254700510159,0.04965971627807878,0.059336265517250665,0.079774936807918
0.06500405721295201,0.09340700997007345,0.054393705397872666,0.10759004550443933
0.08690559484264002,0.053684633694208554,0.043315492096916014,0.09687245836133078
0.08092035559037875,0.04266715138106278,0.0833334060571985,0.06089401478274994
0.06304202680179136,0.047844972565924175,0.11096551716441078,0.08707362232459195
0.06646679231573845,0.04315914818184406,0.0983885209847621,0.06989685847914849
0.04043909115688647,0.06868836557646912,0.07492096101254249,0.08421793735491218
0.08959003785921008,0.0699556754923849,0.07803045637226359,0.04170869426542323
0.06071673779359123,0.055207329488390494,0.07234508373721642,0.08159119744673221
0.08905884032739497,0.05742551783777551,0.08680253226943098,0.09399462479478378
0.07033935578859687,0.06593357906034401,0.06860132959673515,0.11000521586792136
0.10141125235167461,0.059291007278940745,0.04331317469913215,0.12425059632548109
0.044273894838070524,0.07146358996394478,0.08247378957433432,0.09793067506539443
0.12474875067340824,0.0692822932977133,0.06313996364925756,0.10700542586500188
0.05776549236106837,0.04780398520987293,0.08251646022902756,0.09295812284044118
0.07957651448106048,0.04494505536337794,0.08594289385738262,0.07979756446032986
0.0839049924943901,0.021646513920173378,0.07878045864267912,0.11118351830065035
0.09170301522270027,0.051091456659187504,0.05859663729966262,0.038965440110693354
0.09624262842980845,0.05548960763396808,0.09999896864652077,0.10391614299253277
0.0816027998043702,0.0685860977239716,0.07526207841691475,0.13192756278307005
0.13071464811236239,0.04445346990017481,0.05164599955208121,0.0670109520918139
0.09637700584009568,0.04850599816602638,0.06296428739993375,0.08618539794962538
0.07494834191565031,0.047780860837769404,0.0666916622590792,0.09443652363752675
0.06500253994364572,0.0596033526152213,0.07126979092180638,0.11101676606177537
0.11401042122750063,0.04418439292663616,0.06498035904074584,0.07463643090080115
0.0872548105799075,0.052853695442451706,0.06930569827463155,0.1390545030351389
0.10154405791321247,0.03867393574546513,0.052233018914457405,0.05558633238939348
0.11122153111578097,0.047875605848222355,0.0771758286921157,0.07092305020243385
0.0728221728090033,0.05117545546574573,0.08990045165721938,0.10012687404389602
0.11642406515124085,0.07978205647481948,0.06718783778703184,0.10013588795144425
0.06018186037846128,0.02484491793929964,0.07835514907645882,0.14507081146996845
0.0581780996851571,0.042564808921967394,0.06082950439096119,0.1347853641192579
0.11272156074806519,0.06619612545325426,0.09068036393247621,0.07009220312781791
0.057618570708503125,0.035311395163923495,0.03507808202946528,0.060684159222601425
0.10480678024534233,0.06947701514321097,0.050303387771742536,0.11913448566943072
0.03975034571277873,0.06435828356672088,0.07382713206918745,0.0851497827052386
0.07294560670694825,0.07107973283452111,0.09525775788687665,0.07590482452338601
0.11322542358084861,0.0757221483222171,0.07618475505049296,0.07694436128609758
0.09644850583294283,0.05362553137104,0.07741150125046133,0.05101475901882101
0.10597019875913771,0.08965784120605895,0.0954781887677312,0.13191624736712276
0.07551344363328016,0.06765870977463549,0.08099106358323876,0.06348922442004022
0.0541386524015985,0.05973174173120098,0.0689422577753584,0.12891934380506037
0.10508548142621163,0.04017699090475289,0.08347032208038249,0.06909419154210965
0.07827801213370009,0.06782967528107776,0.07919275601656248,0.08098405475507228
0.06242731099273989,0.04143650591655628,0.07344140427909922,0.09167864957710131
0.03662989082582281,0.0680450784411189,0.07979362982932942,0.07551505957694284
0.07151584367577475,0.04546114256956541,0.0811345415524279,0.07256386461280608
0.11109340279155105,0.04627679974144513,0.0664082846991524,0.09641348616623714
0.03186107145603939,0.055540347355277214,0.08054185743692757,0.06616829017331421
0.0734270713730485,0.03458230165492218,0.08830672411693122,0.08943976616085336
0.08534393481818182,0.062120194746706464,0.09243730104858507,0.07597647931703276
0.11195750010554631,0.07233694279130869,0.06875750204692407,0.05415683862768635
0.04596683304718446,0.039364824186427644,0.06419530655777142,0.1591063516802412
0.0675427230301279,0.061061792506656366,0.07202222894537755,0.12945419453319457
0.06544838928848683,0.027213329318082295,0.05306290213991842,0.15456369908446133
0.10424115310469374,0.050570522626075476,0.07632145293962117,0.05873054494903236
0.05962436021718627,0.0389533343797726,0.08518154686697424,0.06537658348759179
0.08533816700956907,0.051900713009017836,0.08529564092278266,0.10924305407569121
0.09746790781675578,0.018247163481058322,0.07908648511652303,0.12306295215163329
0.06633545171428797,0.05972945348491637,0.05159823825966321,0.07711647585579413
0.11396641296469666,0.03732638806312412,0.06383875028074247,0.10470707712906052
0.06493325575590253,0.05083809152086384,0.06955223805451212,0.09160379138517698
0.11332332471075904,0.038571899397366,0.08968128219912125,0.07448969017854151
0.11221772609416542,0.052230874371667096,0.07850044779439894,0.11011841152404173
0.051191908913546774,0.018144375722323795,0.05934370997450011,0.059998638459198464
0.07082775633707286,0.05467062611410245,0.07796621317543288,0.07384602734459425
0.12552231390570168,0.016799572124580046,0.031156181600424812,0.031898602743239975
0.07194332052834002,0.08968547882160408,0.06837323886829952,0.11930221248261716
0.09169267178306743,0.06074130852297744,0.10725118526980659,0.07565562971786645
0.10237678854031895,0.05211735996308565,0.09056440831934275,0.05760751352108296
0.1124941196781982,0.06437985897544479,0.06777881413625868,0.13219982532202118
0.07375960259548689,0.052153660109436076,0.10376567685128314,0.11255916600229117
0.061505152355143505,0.033658724400294604,0.0649778769348322,0.1095288452317846
0.07419633637895431,0.022477178590550227,0.09422159094001628,0.061246634950171505
0.07695344444506823,0.06005447214500612,0.07119152745126642,0.06762597057952134
0.07800274940118875,0.015040404436784775,0.05798976881604974,0.12327634538497605
0.07542435270192184,0.033163792534707595,0.0717289279433278,0.0452821388228801
0.048162717361826,0.04383770449955131,0.11525931616375384,0.06472317571466266
0.10405397921541473,0.05714971917264266,0.026947721917446016,0.11124411075953763
0.054052460989480154,0.06991661694264455,0.04066489609078399,0.0842372265281998
0.09052755072357613,0.05335762302151054,0.07602842458571474,0.10431683257062285
0.10314684239479373,0.04076306723320884,0.08177907164387455,0.07286768524842276
0.07494887233192604,0.059646205439472647,0.049168845105483514,0.11130021229733715
0.10658559641888601,0.058626032255327615,0.03076902407695179,0.08228760283204238
0.058869892601452235,0.06041084094230959,0.07132123962442781,0.08519172823212155
0.08022157405836244,0.04339144597094987,0.06417249141609781,0.0811643570447476
0.09668196622115677,0.05564245111390715,0.08309800751801519,0.0607309318400691
0.07637049831044349,0.06722827700701946,0.08852014220856327,0.059383415976032555
0.055687021899324465,0.03854063677907876,0.11672511772763614,0.08399214442198755
0.07846987862666478,0.04545495665893309,0.08097156364676557,0.07176481571321111
0.09453733421673575,0.03561964144121173,0.06309916570850335,0.08501976548939846
0.1297623758874095,0.060673205193979944,0.11218690830521517,0.05874954183609318
0.10961271446605886,0.05956035340976548,0.027147167865819583,0.07787513274615561
0.08733895717217362,0.041484333159165186,0.03761295408234162,0.12742354285527638
0.09818648406634536,0.061029093916527416,0.07785418610864833,0.04586767666310596
0.07721689572752838,0.08488736781962616,0.07191280220815853,0.10326504670763852
0.07541221233247462,0.05340126489933584,0.09289456823710557,0.03476035624264541
0.07468071340068777,0.025952396869183308,0.13658150158332705,0.042729061934759546
0.09229626651394005,0.04578329095107228,0.04231651684379435,0.08131313227612144
0.049761170907201425,0.04163755204911049,0.05518320997475731,0.05158569184122512
0.10976931057622775,0.052849102493814436,0.047964636554015616,0.07324965733430676
0.0376643043927844,0.015394955437227444,0.08420222261515392,0.04746845482262158
0.07696091925546267,0.05673522763022991,0.09834585151891334,0.06828932686711182
0.08846253044703246,0.04193055783221269,0.03212030074477708,0.09896762240833402
0.09148957419787057,0.02108443550022482,0.08506801563839869,0.0742782591753879
0.09286491625949525,0.09586776854190032,0.06508234840205682,0.0596479279123284
0.07336396543265221,0.07536846195325236,0.07606096661993926,0.07440858162716292
0.06771117149507354,0.05657945351013793,0.042583387543659416,0.13195442450140937
0.11672488680273119,0.05309801249505164,0.08725079997861578,0.07943516683604024
0.153410997116311,0.06562223271442984,0.06350068545755777,0.0780174443048593
0.058689593886566825,0.05736919751176387,0.05240765468027647,0.039760181657851563
0.07268908838087207,0.05028783487533047,0.10330052635501653,0.06800781718091528
0.04479314838221155,0.07260589282041324,0.10020398752413204,0.08460979018250092
0.08304958327989984,0.08523677987260098,0.06870482733960177,0.12194854451112944
0.07871698252450242,0.03845856723928753,0.0416615495929066,0.06522019555743387
0.1336401262981718,0.0505541474565029,0.03182876351384399,0.04690431133157508
0.08303672644283694,0.06148608762146708,0.11386146009983933,0.048765548970942055
0.13584831221444796,0.06963387451023213,0.05253292689393035,0.1310571169925146
0.08955218237974893,0.06661750627180643,0.05652997105535191,0.08988454860746714
0.07968765482709443,0.07154563401294921,0.10480645858175366,0.12476280992747754
0.03713849172359298,0.054721301456105216,0.025653921531699035,0.1006459351448103
0.10056769777745896,0.06723359421725167,0.031788550518305314,0.10608665141274984
0.1054263116427875,0.023159845165443543,0.03509997710005628,0.03965259338257775
0.03445577028827216,0.05915313753184865,0.09035224692862362,0.13172238158820637
0.0962154225279348,0.05408708915889671,0.12117445457080772,0.08309815556076353
0.09723136294741075,0.049721609370281424,0.08777311614277676,0.10253959587553407
0.061720668118463336,0.06398212635016735,0.06427183974181762,0.0971059724544129
0.12905826976959386,0.060101465174935365,0.06492103344253482,0.055536361096884784
0.058264492167941544,0.039894188788607225,0.02987266666980659,0.051418862785282904
0.08167435170945381,0.06304577233435671,0.12303981087708368,0.04848319110062964
0.1171706922889966,0.019254915501279606,0.04910812007343817,0.1473183236788838
0.13194463137337356,0.05834114089708205,0.060484364068500954,0.10498980020538926
0.08486033348309202,0.04064850311730828,0.07726753703835994,0.10384734835136127
0.05645802691968036,0.05559570192103773,0.05360879165219215,0.12030810427302832
0.08390839144396398,0.0511620573328838,0.05250733802557697,0.11969034016804975
0.08073434942219808,0.07004874884997778,0.07740631796448762,0.07928551062705383
0.11170330636203497,0.060018952446336045,0.13624317001596187,0.11266503677809546
0.08091011722586489,0.03694773216086503,0.04068135444054645,0.07123886255925456
0.07110847701642808,0.041534554846074254,0.09586584274612472,0.09774846877471835
0.0722048874334477,0.08335132421901681,0.0846650410241611,0.072827343354493
0.12111047303942848,0.04647206040817468,0.08515165557361695,0.09550411032706882
0.07795281377810895,0.04301728982433756,0.09352139058843048,0.05734596754013696
0.0717325249802757,0.053392980291611034,0.07922726821444967,0.08378840985564795
0.07144134302080787,0.05311907568166061,0.13558488469786667,0.1112096709335417
0.09313711810733052,0.03013201218111307,0.08284448917288899,0.04763678114802676
0.06990157193486247,0.09259225514101592,0.06266983845605792,0.07084025791658734
0.08044635637701365,0.06483147084006499,0.08519601983282728,0.1099436518210298
0.06380552386451581,0.0337852998553904,0.07533070068077738,0.0784770673320478
0.08607636027287077,0.08509033366589631,0.07581016452856748,0.12330866058558138
0.0971358141630487,0.04466283184999565,0.05934934598577602,0.05890722822190176
0.069310598501281,0.06095199754940908,0.063065191955851,0.10933011379550954
0.08170667889313099,0.02857055740565071,0.05324535597467196,0.09362654368640912
0.051304279949167475,0.025233041648463263,0.05358104324153634,0.058494397115208444
0.07655839992395098,0.06205431436562076,0.04732886918855225,0.1010749961981901
0.08479572175806317,0.022835618692587812,0.07502784584876927,0.1103856417884478
0.11896157502714373,0.07055997292799976,0.04512958965950913,0.08136373009415052
0.06825646378614018,0.024018463950540574,0.049684830352075784,0.09241383406525124
0.108689951687122,0.07990956453002304,0.059920127874351976,0.05688902578742456
0.07639454601228901,0.05365956218496505,0.0673193194037641,0.07999672484532208
0.0843671944229021,0.06042550960193164,0.05377776088364089,0.10071405110857526
0.03315488534690059,0.06064675723934499,0.07071559608098678,0.03643337927957171
0.11631239781081992,0.054874651175215394,0.06702223533254666,0.031244871227634752
0.0775752357046372,0.056530841843769004,0.04519610050137328,0.05257985802498191
0.13090866665015408,0.039443494028708344,0.056998183141872924,0.0703986139003056
0.055443963881050704,0.0482990751156259,0.026971037938819213,0.08017098664804008
0.07781034193777257,0.07319755989743466,0.06430083396806141,0.030520899008526954
0.10135460157731761,0.05860804221273597,0.11131508432636689,0.041986444890350624
0.08611285446158491,0.06405775374526712,0.023659503108954316,0.08665076763529393
0.07537843673059304,0.0681669768811417,0.06182453101732112,0.060475721003996466
0.10881266764023644,0.061902065218498115,0.045280483688022816,0.08686013901361542
0.07387645038748984,0.0753431372897033,0.09436759816145465,0.10379523517668296
0.07896241901664129,0.021606986099103213,0.09107087997375878,0.10557124490941128
0.10064095514982119,0.0556947299571438,0.05066062476405277,0.08672697425731803
0.11198292918886832,0.022972759699193372,0.04988844641377256,0.09195440117424888
0.06192020749604048,0.042564552646769144,0.10283871753928983,0.08440428728324356
0.03715802490144512,0.03376486058325219,0.06436397664745996,0.09078536458955995
0.10371106739712815,0.06870313582738875,0.0546865220601223,0.08952114976586656
0.0907960998548772,0.05897565182747656,0.034321769618003366,0.07099338238800743
0.11542117531192805,0.042648965342832024,0.08325804121872526,0.13341879661628653
0.09201875377153963,0.06334766976913488,0.06309612800505325,0.07528818992827828
0.07212691334592458,0.05423413665088015,0.08161301241055807,0.0755080678099969
0.07786325686555962,0.061377744330898217,0.04293290950972184,0.03157295722888471
0.06469105667877387,0.07682156820025339,0.07259822515991278,0.044415078674594356
0.07816172774548674,0.04067469414461497,0.08082300669949097,0.07065710159858778
0.07443604467448735,0.05859280312870932,0.07215247325157378,0.10739605328176048
0.04419100425991248,0.031940102012920385,0.04011436195771667,0.03616881525575246
0.11861779073564606,0.040275284725062595,0.079073695116649,0.03657896176812077
0.04876700695670602,0.06170495235993108,0.051590910857766153,0.04762775751824681
0.08419976254942654,0.06981577941225679,0.09354654783977603,0.08005021847071164
0.0428098658618817,0.05228721505952814,0.11393118143273687,0.05545050180498293
0.033550146917400506,0.037265485919635806,0.04991377566963903,0.08975247041891488
0.10395368571202791,0.07787194826543255,0.06485755957109984,0.05517729356651477
0.12629796801653537,0.05180671637497695,0.045194347539240676,0.0783073287029869
0.07898948221017736,0.027116648649801383,0.047929183452717,0.1160979741526873
0.10528411522438706,0.05820479649801279,0.1306423977436143,0.11601146703215845
0.06287763022690038,0.04625683741444069,0.04255259090896425,0.055524190186884204
0.12045776381648923,0.04105681927342518,0.05459373496567149,0.06495314048284127
0.12766826885572885,0.06906029669189363,0.025400211314105497,0.058495513681697184
0.09400112237259249,0.09131852851094868,0.07460665671842524,0.12696559804410137
0.07637413687855604,0.041962554888709216,0.07912573786184114,0.06736669276225521
0.04258823151685435,0.02183100424006792,0.04331198781374916,0.07975655352383788
0.12301089746678201,0.047884191391149925,0.06692941731535142,0.033250888602328436
0.10417985171237518,0.0447514596395967,0.07971899992497873,0.11695064081638526
0.05648469799724207,0.031574437901298824,0.05147303336713527,0.0856386859424061
0.0725975994573924,0.06376294284200502,0.08372020062917757,0.11667582234425869
0.07781930894689931,0.05667677420345392,0.0549878530407467,0.047873432278250944
0.0747413266329584,0.05974460503696263,0.07549208539367921,0.07667977552846877
0.13398843285939152,0.02228399316303849,0.06600030324677236,0.13520961842416188
0.040252720307458474,0.08266999923530144,0.09404048858326342,0.06356054858987559
0.11646922452957738,0.05755882718599778,0.09452932278587858,0.09171756779449175
0.0794404492336779,0.06624741902610219,0.09714000536295307,0.04804616197055189
0.053998977840475956,0.05878199390993226,0.06698378208557396,0.09121527546012005
0.08873044336697478,0.025816220018015992,0.07279020590261784,0.1014646619809304
0.10695411047069121,0.0560463864310141,0.07572229705539107,0.06886196936598797
0.11527395003658296,0.037431647016361584,0.028821647239532185,0.11947038851714453
0.1193844548542026,0.05837716421146063,0.11898083539521936,0.07897260639649477
0.1259959648087115,0.030327729693001498,0.0245697509976587,0.11849121829600162
0.10724227746557224,0.045052811689026376,0.05595844724588071,0.09649718169201497
0.047976703248039806,0.04113428939332375,0.0740463370703939,0.07600347656287443
0.1045609872198189,0.019267735659065376,0.09785088188964539,0.0738558325119964
0.09854016160694112,0.03395773524537417,0.06519051128326325,0.11879735805959299
0.08694296261723468,0.03236336329746464,0.02245293714167603,0.056354010079317146
0.08812276675834617,0.06758868719325786,0.06679545863733488,0.10290103341481605
0.06738772602344828,0.0397276250479844,0.05308464951128871,0.08596529964299487
0.0896754061861571,0.04555087902213542,0.07155702229594599,0.1213845277117663
0.05936760931656948,0.07410321570008446,0.10387036994700567,0.08417018719773574
0.08639811283602666,0.04542611595531481,0.07417765579040331,0.10341792239103796
0.12731241933899423,0.03788804817728718,0.09051570805409671,0.10256857783085191
0.031837911739266714,0.05912236052248985,0.020862802144300696,0.10395400921633914
0.07005739537138231,0.06660424714535262,0.07418352237659546,0.07343838424831613
0.100335361524453,0.06962068642424529,0.07807455591624987,0.1250331320477093
0.10887232894682344,0.04908766868565866,0.027668608920709298,0.12263180797785596
0.08010109728952801,0.07170748315200079,0.05858532972353512,0.08180311097108284
0.03835915909303261,0.04207418528208116,0.056965001365337734,0.06578876221279155
0.06931071168301019,0.05729570757668814,0.03128265635753713,0.08444564445947181
0.064744610044458,0.0516185898454437,0.06660957434695358,0.12871162275941092
0.08579982627970995,0.03273279077228961,0.07959866148821788,0.057136015654391914
0.08733065285739323,0.07172667944893389,0.06971302437627493,0.03846868209898209
0.10911403251265624,0.028144886554514123,0.06820481978930461,0.09491237860982632
0.07148974696279027,0.04327890134129283,0.03793354345168909,0.06964030687500067
0.0763316958567734,0.06681062145118803,0.07581321782955167,0.09339506499995709
0.12515896292589115,0.044208745208233355,0.08827286991608646,0.05859454325463088
0.06780425923120381,0.03193089540756733,0.0563325720375727,0.06517088276010152
0.09716858252607334,0.06790488463687486,0.09604064624454259,0.11142975084571075
0.039890248051395766,0.04937250744289157,0.03992521409351005,0.09000106546156403
0.08756145064808671,0.05425773058552774,0.06736936330208006,0.0588655115889961
0.07452006437952813,0.027849707925898633,0.07418506717428233,0.11425015924300863
0.11409129206376564,0.04655103367055292,0.07911243686577592,0.07051674837852487
0.0452047526421948,0.07880558620083442,0.07502014023341945,0.06747977375300067
0.054054337812276844,0.06541139219515317,0.0643972788762788,0.07348188701195804
0.11296532991732544,0.030175082839524147,0.03637400636957664,0.04148598020353599
0.06895886679724031,0.03229029963871804,0.04938195142479842,0.03214592771234289
0.12085442125834658,0.05231049476217689,0.0960953094417814,0.07873483931473993
0.059896470400000304,0.022963110660428422,0.040334875697244525,0.07314867557168007
0.049279549289278746,0.027993357535845375,0.04714312908238592,0.07806963364549431
0.06169531830540401,0.0385358174750536,0.0379796752012959,0.08317999088864068
0.09540496389501353,0.03332815624215285,0.056264162278276214,0.13317266648814793
0.1249862572386371,0.06246617145904848,0.0707847264848048,0.12525168861983937
0.10652215193922447,0.03906100691959274,0.09544366336723502,0.030677974239903455
0.1001980977540258,0.07965704774097658,0.09817106836595321,0.10671321036397916
0.05792619074837109,0.03989091359053094,0.07185172977779027,0.07571948885058553
0.078849911294006,0.05666152739919786,0.1064946290304172,0.07007675017680487
0.11897675864830973,0.04670570380141262,0.08198542426017322,0.07864522780543176
0.09674486651078842,0.04814829069089133,0.030190132281242205,0.054564717091027566
0.09194515436692335,0.06481364078397857,0.04881746421227971,0.043610089799607316
0.09136124933836798,0.04735813053954068,0.09261306972945951,0.11830854763386979
0.07139549478558693,0.056068196716230805,0.08966243651025815,0.08458949909910933
0.11658800780428574,0.046959786840942284,0.05956550520595954,0.09963918827627671
0.12504150864254793,0.026163375821300832,0.10458960110299856,0.1294477004522964
0.08157004133319155,0.07454704677286224,0.10695143829630245,0.05714371599962612
0.12229996902194859,0.02376671288302092,0.09284921308714542,0.07482006021719391
0.1064956426015196,0.0457905131557155,0.08471740227997683,0.08738906089693416
0.06481403006797423,0.041853051359900806,0.08377116489132842,0.10029911633212032
0.11234376975879229,0.03362048431721465,0.09296170000481428,0.10822376372806802
0.11916989694947264,0.06474069098832018,0.10721712539280726,0.1421975545270533
0.07636277496976872,0.05367648583280907,0.0914193742860518,0.09876880801553439
0.08363249893022931,0.03113620843594351,0.10601875700362334,0.14064691864219
0.0896802682738037,0.050669217388897236,0.047035444488795305,0.07758260023253327
0.08173575045195772,0.04137305486384097,0.05071593951058511,0.09977320489476525
0.07781432346435578,0.05493220759512256,0.0824558696506451,0.04165086001137018
0.0812048692192379,0.053763432023943215,0.06770849887435895,0.04428830199007366
0.06861977040954964,0.03790724150099321,0.0768365726453051,0.051669791281557825
0.0426429485221931,0.06186610815793696,0.08397842730208914,0.08992574085777681
0.07222182676456827,0.04114539809990694,0.04685173956036836,0.08721700481266814
0.07739558333741041,0.05435569202783406,0.09180397479558665,0.08676611034882806
0.1108573591633911,0.055274330087027077,0.08364088598367862,0.08433802194159104
0.037831719255489844,0.06654594173898822,0.05953876765779513,0.06670634253500256
0.085324763698931,0.03782521965307682,0.07588440639846943,0.07653808570217127
0.09336064342256699,0.08719302650933106,0.04836780150498188,0.056667169999214353
0.06727000847602695,0.054491777718490335,0.08484977319883881,0.13016539518873868
0.07558235947618581,0.07463096200215015,0.04219638056842119,0.06270600118617745
0.03856681891276882,0.06568527998563677,0.051093642445822,0.05801524552215662
0.10179895669713086,0.01887546953751677,0.10575491974601495,0.0965682065128125
0.08352962263933743,0.06411361242281519,0.07049690493954539,0.09723535580924376
0.11833965989091659,0.06651193216296186,0.06723392123064872,0.11401642296240666
0.05435780763527754,0.03249266927976179,0.09628293236338993,0.11360419240800142
0.06293807182245477,0.05123565024732826,0.11684949783306386,0.09865320966203682
0.10962125584032241,0.07883769608727582,0.05332913257669489,0.08533288406348329
0.08257287364542581,0.06630557377819392,0.05818485286636543,0.09909382018370202
0.05368252661383481,0.05976518370171976,0.04424146981440898,0.07531703529775913
0.0929703781055764,0.029054351637364004,0.09412891732325557,0.05100381666537542
0.08148612026714021,0.05785098876454347,0.04907840322164485,0.08375850684838942
0.08720495595659306,0.03722821126633032,0.04555991822432379,0.1745483929726943
0.03324053267577015,0.043173888475596986,0.08694781062520641,0.056966868795054575
0.07597550392348978,0.057362858107198475,0.04011683047729803,0.0482135142049171
0.0470842211025433,0.06000644147590453,0.10084217684789012,0.0679202788293383
0.07257206432886601,0.06755483130153433,0.11994367413729913,0.09817494893980908
0.11972807226073483,0.02129312737830366,0.1109620632452078,0.06521612121230538
0.05477123748266022,0.03254896234180908,0.030804240116109716,0.06742054485146062
0.09705364086447126,0.05439658006892038,0.10259684723696484,0.06958484767804199
0.09099725433347776,0.021345534652462604,0.057627348671521,0.09567365769296382
0.03192709310455075,0.04969335664415441,0.04585277353171237,0.12158693276591515
0.08697699013321714,0.058788596982445505,0.04988024701353751,0.09401655082516916
0.0839841007308416,0.07652035299824048,0.02776481019612876,0.08428306799755463
0.06577453452068145,0.051752151684707426,0.09387799691038488,0.07765102188681666
0.14357647494766435,0.03739727526878702,0.05176736065356066,0.0734727492778305
0.07427469740733146,0.04025238287143913,0.054473201138051874,0.1016964348876824
0.09422924086658281,0.043390857174383,0.052851490845281276,0.10512104613295975
0.09658128734115258,0.050012474281319746,0.041565996243327075,0.051755967096424174
0.11239415214297152,0.04249505438642011,0.061254839828707094,0.05021953618867186
0.04494701003178032,0.04702111030596673,0.1038306649581069,0.07841385116634642
0.14297502819488392,0.06355033762003312,0.06854637950997157,0.06454604307916333
0.11971551806289402,0.06025419281457744,0.12654637502380597,0.10408015139967508
0.11681198702976453,0.08041148090455438,0.06261594675098485,0.08479389484908777
0.08294688473897681,0.051914776011946016,0.10044951883458414,0.048354725188626345
0.07442592282673828,0.03735995981093862,0.08606266042289079,0.10880176744891351
0.0399975529391329,0.043440482291048695,0.06127826415488308,0.10763253245365094
0.08023551415756645,0.06676772222540081,0.03654630637264667,0.07452026173964534
0.1254396134240218,0.02809832708319375,0.09967977753459809,0.07970339170925671
0.04881592860215539,0.05331094936949751,0.08021202514482652,0.0314739506340574
0.05772802303324159,0.05714977728900275,0.06574694247868834,0.1311620787689033
0.08941551891599972,0.051670186921000956,0.09796198997467555,0.06148354769070641
0.0859893131540474,0.020261062297690386,0.054523285977326405,0.05766511547070154
0.10173013968671522,0.04251793232483041,0.06547507916810318,0.08198574557224682
0.10113747899634151,0.047158323640914546,0.040353671851533726,0.12051353767505041
0.10855444809025286,0.048281304553409836,0.08554614161758076,0.09421537893219147
0.059593855168276526,0.041470918078949856,0.07250897615464505,0.07323984832528534
0.1164391857968338,0.04098068905965211,0.04727379051123992,0.1203688053347762
0.10904963304708318,0.02614733658874688,0.050881902902478945,0.07213677996128438
0.1025290981380928,0.01789198781285483,0.07983390702282497,0.04788590443177452
0.08476537894659533,0.04203406344615283,0.06533707761095021,0.06260418582220759
0.06630015135333739,0.056520810156941076,0.07184336900253394,0.05025959202484645
0.056139779083889375,0.03930177197493929,0.030329939362601463,0.07794034470422886
0.08647295695800791,0.056418749764753966,0.05386552904634055,0.08713537072191727
0.08816692423085061,0.07179969717862691,0.052444371654231985,0.09466642154761286
0.03649803847698755,0.054040018978878585,0.07971603090562683,0.08708307182246547
0.04808328737539229,0.025406504278027982,0.12084530714405048,0.08785297149451453
0.033603294695958554,0.06980467801387552,0.084160184062521,0.04392653134671268
0.09081443013280534,0.06602578591870832,0.07476932377491018,0.044810574440425334
0.03822491932136752,0.05327355074451795,0.03398148016991174,0.08312812080605476
0.04919139216065756,0.062106988375583504,0.06569985250393862,0.030134959813091028
0.08001392876994007,0.06236779529624622,0.039464834541623,0.12029347461376641
0.12189126364351388,0.022556701791090088,0.10522823313640514,0.07954944639737199
0.06184017040205366,0.08032120280446632,0.0652432721086743,0.13086948216849648
0.142013243715778,0.07080679226981251,0.08576550491464635,0.05559228251739112
0.06321893460776268,0.038445434200260156,0.07864383978032244,0.11873336306547908
0.08298603491130303,0.05793095577276543,0.08674980938006219,0.09942222614502887
0.03884517661968912,0.05668765375876035,0.06509288562265839,0.09146859742717031
0.06369152134851344,0.04460326111613506,0.06244393561616355,0.1314180789927876
0.03821719443903687,0.047743627049722806,0.02789216301066795,0.12635807270638394
0.10986374885769845,0.04188703047487072,0.02422434244052571,0.07809151467021021
0.06759482560495532,0.04784720146060262,0.07362169882972154,0.04716490138500286
0.10347750605328256,0.04414871880742034,0.06438056948752789,0.10170881796121392
0.10617282714387635,0.019614090185683324,0.0668951536875276,0.09590498083793265
0.08535145451467113,0.0384287588843402,0.02760261981874112,0.056697299299263024
0.08422767211152864,0.03651266656987985,0.05762968691739982,0.10735193841399873
0.13093959842132064,0.048982200403157004,0.03072569439902246,0.06306745993469402
0.06361233488456171,0.024278560130697048,0.07450769225948745,0.06802594212035193
0.09030667432449499,0.039934347926178164,0.1069892587271475,0.051754435653403874
0.07660233051986486,0.07898288651372971,0.052757108019837094,0.11080830560328693
0.10354242088831445,0.06194548985991407,0.0941828234817173,0.11141018311119269
0.08248375057623619,0.06495023618863896,0.05097220551819692,0.0454631867649568
0.0888973254642316,0.07686835054842818,0.03985610254289401,0.0985560845359929
0.07561969310911884,0.04452637554358999,0.09103168466564968,0.08336690810301099
0.08149516435981598,0.0604583429245014,0.07938709809574881,0.11605080853861946
0.06086886797096371,0.06423773380449842,0.03790796062069041,0.08158515803192017
0.07322502044832227,0.01954369840932049,0.10006359391720737,0.07225591025814744
0.08603101785642792,0.05190748170541349,0.11196064691787368,0.08707842855288611
0.07044301295463586,0.051039403558166746,0.052837436414486585,0.09856462106461963
0.0842254459676634,0.032701309962910596,0.03579830676374273,0.10512862574802201
0.03752161297192811,0.05471631204220867,0.07823107516166126,0.13720125957399298
0.07058528259963544,0.056232445695904285,0.06476319493485481,0.07214344833453723
0.05901725904215338,0.04844121694270284,0.09291206255195883,0.1064883758551966
0.09663146342926733,0.056578351658104604,0.029668449500706823,0.08299959358348204
0.06612751530436466,0.049200007847082894,0.06280251649781433,0.08468734066180018
0.07133571721628985,0.055980024088039475,0.09707558248541795,0.08293508571044443
0.061032878406588296,0.041950460551742584,0.07089138832252974,0.05091640328931883
0.07819895097213997,0.05548748971910432,0.056664338568660474,0.05231860753748976
0.1081124419407332,0.06351790033038932,0.09380236343678365,0.09645647920980704
0.057157737837830236,0.03436043436432108,0.08689286513038705,0.0644254105836502
0.06110860361520809,0.042573422486957,0.05929843754313328,0.09354905679612513
0.09785385059691684,0.06372879592204116,0.046245710133604616,0.10030044696846398
0.05543652335730682,0.07011731975717136,0.059900630367833566,0.09643012854560516
0.03663553585969178,0.04180404221793657,0.036639959671362,0.10449675457988722
0.07776780868199225,0.0821734214418891,0.06689409697165836,0.13215874485990461
0.13257191583066066,0.06187362127104392,0.0903804203085799,0.13757237884819667
0.048619557965971005,0.03378513393573642,0.03703867728763377,0.0921393560238246
0.07347467135508001,0.07995537072472467,0.08666201367311764,0.11547069629545816
0.052597759234279236,0.06532101876074936,0.10043216849110839,0.08613720718624797
0.06871113635064162,0.027546894974066226,0.06626358475667125,0.13417969670013907
0.10707326735478895,0.07517010696803965,0.0871025162149827,0.08558777823453004
0.10954998439124712,0.05261032677485946,0.05433064427850519,0.05027625476975938
0.061767223960264316,0.04910855063889805,0.05458420061984649,0.05358414505920271
0.08467983343429013,0.0453258340067549,0.08826395067421704,0.03746378321141058
0.05155959605671183,0.035814396317321,0.06463971989899911,0.14103172875544834
0.06674105834629904,0.038484882898356824,0.06591058687546433,0.09100137356041985
0.09901320910341901,0.04821738942901966,0.05054328302336397,0.09103044159557504
0.10022184335209403,0.06196306985547471,0.04679620916887691,0.056819520578547986
0.08187067670917592,0.04475451746619168,0.10450332754026706,0.07601726868029848
0.06185898942626327,0.06876159021225525,0.09797312800401531,0.1189322516231946
0.059374664631882,0.03503873249412927,0.07307447579908737,0.061805077723537064
0.1004752953308482,0.055358278419621085,0.06917196087323618,0.1392963069052806
0.09959408295935687,0.05979081175252263,0.06920206277730566,0.09918948009859886
0.06421597822826218,0.05519322598048414,0.09046274995681668,0.09337171428091703
0.07306414429115335,0.04868201073626166,0.08126506420354455,0.06146394316939976
0.08352876623605465,0.03357619605725441,0.08239719326023993,0.08449548574948888
0.07306679441690485,0.05897088098797161,0.11343968516943145,0.04645162129550954
0.06202620248505383,0.08916291987469452,0.07240097275107674,0.08602425582907654
0.0794078259778068,0.06551778055109081,0.08410336528981688,0.09537766853781834
0.08224408820426109,0.017296487494910473,0.052610250184185296,0.0922642094668708
0.083067105774857,0.06157009345304057,0.06148239396923068,0.09609776853579217
0.0656697274728984,0.040045301494192616,0.056099692731652655,0.07153741193060399
0.09321474465160182,0.04378196873838503,0.07242778790557258,0.0823338686665687
0.05290419244511922,0.039323047162974946,0.04623182847169434,0.07998579408091029
0.043196785397125036,0.01866555560077513,0.07564265440542313,0.036236923439411456
0.10142741810951529,0.034397337286760594,0.0383348110473131,0.07117214586708592
0.074082264982092,0.02207452394146426,0.047198612644171925,0.11805837679410681
0.09949537988266946,0.07598154274250354,0.02749248545346321,0.07515010146895865
0.07820211507638516,0.04322019373472219,0.07591306448967193,0.04769400076775736
0.08818786015178376,0.02557236571425278,0.08502801028811544,0.04009978936039121
0.07011062588357693,0.06223641288765111,0.059029583218741445,0.1391632158832198
0.11693169422902006,0.06926284276410004,0.10262107809338639,0.07874262202685306
0.03474681929860411,0.043700266903882505,0.03890010560678016,0.06958614421064895
0.07499505028558917,0.02183794443943814,0.0437885409086607,0.036260587408174415
0.10658314863399267,0.03200666513882333,0.10320425592986901,0.08402174776912535
0.09116281732688904,0.051598011957996855,0.0539790365564361,0.07017498994128016
0.1080903280831694,0.09815413791695343,0.11124955712402798,0.11190837509167124
0.10104898057008901,0.04992886809770169,0.020240380986413058,0.07477998679496983
0.07769733441225102,0.0575916373006208,0.1144169638107618,0.0849230350511559
0.07740291902744259,0.055201298846311,0.10587706638754309,0.05188480756241713
0.08475162034707351,0.06210126341488005,0.08903860458389794,0.0691859159375926
0.09165491736421985,0.029665421699899375,0.0628310375712745,0.09031865850465105
0.05255577328806556,0.024870262251640893,0.06733989710551784,0.10029119871189071
0.04376505542437372,0.037349556396146295,0.05470687183727761,0.037425634296683524
0.06222903092749833,0.042789374858741604,0.0603676563729828,0.07324412503720056
0.03706224456806082,0.05611930137815848,0.11074674396248924,0.049549248392709216
0.1624287940409025,0.050202530665105806,0.047801493436742074,0.07153663191297419
0.03615301635086338,0.08795075047476489,0.105943453069679,0.11424940920362026
0.0757873285136107,0.04993615048568428,0.037861720938997,0.06351816370270343
0.07726620469163704,0.047181059608352165,0.08572881251652695,0.08013327796459188
0.1125054817829455,0.05512527235533553,0.08557401989611294,0.08731095831633814
0.10033056406974482,0.05638616301512666,0.041844828965858144,0.10565753872383618
0.05353545699405507,0.022485357108889874,0.07415506643390798,0.06527281761432538
0.08774770628604266,0.028835486699192673,0.09323875377676977,0.07520005892929156
0.05377772804067335,0.030260622961437233,0.04319520552321851,0.07532317460080597
0.09662308917706403,0.053979805452358635,0.06289699769442438,0.10220628162907272
0.0779261912808051,0.03959743015845512,0.059233971187475074,0.0637322329216139
0.07010822661013227,0.06006787392871189,0.12513498037621318,0.09920085759247715
0.07181289528099535,0.0793335736528017,0.04288310932360164,0.07384939251714025
0.13982291465231783,0.06071398361629433,0.03705722517699858,0.06660921455758433
0.08266040696820437,0.04424603237447396,0.06834133302017419,0.06651714806254828
0.0618153377770714,0.06432192373895854,0.07077054851958073,0.04898078838447578
0.09655240240323208,0.0522476770734276,0.07698343187668164,0.06318199561200634
0.032550746694251245,0.05539631728280665,0.10438305010510812,0.09259956284881019
0.0620044359970861,0.025998060673179012,0.08279030679685011,0.0789988302325626
0.08155001099889203,0.016529334291562232,0.04064701724382022,0.050285923387543646
0.11518557172717517,0.04177802474874825,0.04662939488922137,0.1008699666198743
0.08239835805578931,0.057562436939905065,0.07287629871207275,0.12469979279856509
0.07039528204443322,0.04355626892251388,0.08855066815308839,0.10424125737363396
0.08689425305271857,0.05496968852296649,0.05180152768186384,0.07179174627560926
0.13010222164886484,0.06261170153169092,0.03849774048947974,0.11626791641383119
0.07088670171426663,0.03221479816603805,0.06338095082081527,0.04690628485660785
0.06876564996314553,0.047311079609422456,0.13150820510811845,0.0708589604295454
